{
  "nodePositions": [
    {
      "id": "1. Интерлюдия.md",
      "x": 29,
      "y": -251.03973388671875
    },
    {
      "id": "2. Глава №1 - Город Сианир/Событие №1 - Похищение.md",
      "x": -80.44820404052734,
      "y": -116.74249267578125
    },
    {
      "id": "2. Глава №1 - Город Сианир/Событие №2 - Охрана.md",
      "x": 16.802892684936523,
      "y": -46.39337921142578
    },
    {
      "id": "2. Глава №1 - Город Сианир/Событие №3 - Исследование.md",
      "x": 123.67938232421875,
      "y": 8.233136177062988
    }
  ],
  "automaticallyRestoreNodePositions": true
}